id,title,source,rank,has changed?,for1,for2,for3,ISSN1,ISSN2,ISSN3,ISSN4
555,Academy of Information and Management Sciences Journal,CORE2020,C,No,0806,,,1524-7252,1532-5806,,
789,ACM Computers in Entertainment,CORE2020,B,No,0899,0801,,1544-3574,1544-3981,,
356,ACM Computing Surveys,CORE2020,A*,No,0803,,,0360-0300,1557-7341,,
281,ACM Transactions on Algorithms,CORE2020,A,No,0802,,,1549-6325,1549-6333,,
171,ACM Transactions on Applied Perception,CORE2020,B,No,0801,1702,,1544-3558,1544-3965,,
340,ACM Transactions on Architecture and Code Optimization,CORE2020,B,Yes,0803,,,1544-3566,1544-3973,,
419,ACM Transactions on Asian Language Information Processing,CORE2020,B,No,0804,0806,,1530-0226,1558-3430,,
172,ACM Transactions on Autonomous and Adaptive Systems,CORE2020,B,No,0801,1702,,1556-4665,1556-4703,,
282,ACM Transactions on Computational Logic,CORE2020,A,No,0802,,,1529-3785,1557-945X,,
518,ACM Transactions on Computer - Human Interaction,CORE2020,A*,No,0806,,,1073-0516,1557-7325,,
357,ACM Transactions on Computer Systems,CORE2020,A*,No,0803,0806,,0734-2071,1557-7333,,
416,ACM Transactions on Database Systems,CORE2020,A*,No,0804,0806,,0362-5915,1557-4644,,
341,ACM Transactions on Design Automation of Electronic Systems,CORE2020,not primarily CS,Yes,0803,,,1084-4309,1557-7309,,
342,ACM Transactions on Embedded Computing Systems,CORE2020,B,Yes,0803,,,1539-9087,1558-3465,,
155,ACM Transactions on Graphics,CORE2020,A*,No,0801,0806,,0730-0301,1557-7368,,
504,ACM Transactions on Information Systems,CORE2020,A,No,0806,,,1046-8188,1558-2868,,
445,ACM Transactions on Internet Technology,CORE2020,B,Yes,0805,0806,,1533-5399,1557-6051,,
173,ACM Transactions on Knowledge Discovery from Data,CORE2020,B,No,0801,,,1556-4681,1556-472X,,
293,ACM Transactions on Mathematical Software,CORE2020,A*,No,0802,0806,,0098-3500,1557-7295,,
298,ACM Transactions on Modeling and Computer Simulation,CORE2020,B,No,0802,0806,,1049-3301,1558-1195,,
362,ACM Transactions on Multimedia Computing Communications and Applications,CORE2020,B,No,0803,0806,,1551-6857,1551-6865,,
343,"ACM Transactions on Privacy and Security (was ACM Transactions on Information and System Security, TISSEC pre 2018)",CORE2020,A,No,0803,0806,,2471-2566,2471-2574,,
358,ACM Transactions on Programming Languages and Systems,CORE2020,A*,No,0803,0806,,0164-0925,1558-4593,1057-4514,
474,ACM Transactions on Sensor Networks,CORE2020,C,No,0805,,,1550-4859,1550-4867,,
359,ACM Transactions on Software Engineering and Methodology,CORE2020,A*,No,0803,0806,,1049-331X,1557-7392,,
174,ACM Transactions on Speech and Language Processing,CORE2020,B,No,0801,1702,,1550-4875,1550-4883,,
420,ACM Transactions on Storage,CORE2020,B,No,0804,,,1553-3077,1553-3093,,
461,ACM Transactions on the Web,CORE2020,B,No,0805,,,1559-1131,1559-114X,,
216,Acta Automatica Sinica,CORE2020,C,No,0801,,,1874-1029,0254-4156,,
217,Acta Cybernetica,CORE2020,C,No,0801,0802,,0324-721X,,,
344,Acta Informatica,CORE2020,B,Yes,0803,0804,,0001-5903,1432-0525,,
127,"Adaptive Behavior: animals, animats, software agents, robots, adaptive systems",CORE2020,B,Yes,0801,1701,1702,1059-7123,1741-2633,,
175,Advanced Robotics,CORE2020,B,No,0801,1702,,0169-1864,1568-5535,,
277,Advances in Artificial Neural Systems,CORE2020,Not ranked,No,0801,0102,,1687-7594,1687-7608,,
69,Advances in Computational Sciences and Technology,CORE2020,C,No,08,10,,0973-6107,,,
299,Advances in Mathematics of Commmunications,CORE2020,B,No,0802,0102,0103,1930-5346,,,
308,"Advances in Modelling and Analysis B: Signals, Information, Data, Patterns",CORE2020,C,No,0802,,,1240-4543,,,
218,AI and Society: the journal of human-centered systems and machine intelligence,CORE2020,C,No,0801,2203,1702,0951-5666,1435-5655,,
176,AI Communications: the European journal on artificial intelligence,CORE2020,B,No,0801,1702,,0921-7126,1875-8452,,
219,AI Magazine,CORE2020,C,No,0801,1702,,0738-4602,,,
294,Algorithmica: an international journal in computer science,CORE2020,A*,No,0802,,,0178-4617,1432-0541,,
220,Annals of Mathematics and Artificial Intelligence,CORE2020,C,No,0801,0802,1702,1012-2443,1573-7470,,
94,Annals of Operations Research,CORE2020,B,No,0802,0103,0102,0254-5330,1572-9338,,
659,Annual Review of Information Science and Technology,CORE2020,A*,No,0807,,,0066-4200,1550-8382,,
177,Applied Artificial Intelligence: an international journal,CORE2020,B,No,0801,1702,,0883-9514,1087-6545,,
178,Applied Intelligence,CORE2020,B,No,0801,,,0924-669X,1573-7497,,
100,Applied Mathematics and Information Sciences,CORE2020,C,No,0801,0102,,1935-0090,,,
309,Applied Numerical Analysis and Computational Mathematics,CORE2020,C,No,0802,1702,,1611-8170,,,
556,Applied Ontology,CORE2020,C,No,0806,,,1570-5838,1875-8533,,
221,Applied Soft Computing,CORE2020,C,No,0801,0102,0806,1568-4946,1872-9681,,
222,Archives of Control Sciences,CORE2020,C,No,0801,0102,0103,1230-2384,,,
85,Ars Combinatoria,CORE2020,C,No,0802,0101,,0381-7032,,,
156,Artificial Intelligence,CORE2020,A*,No,0801,1702,,0004-3702,1872-7921,,
223,Artificial Intelligence and Law,CORE2020,C,No,0801,1801,1702,0924-8463,1572-8382,,
128,Artificial Intelligence in Medicine,CORE2020,A,No,0801,0903,,0933-3657,1873-2860,,
224,Artificial Intelligence Review: an international survey and tutorial journal,CORE2020,Survey/review journal,Yes,0801,1702,,0269-2821,1573-7462,,
860,Artificial Life,CORE2020,B,Yes,0801,1702,,1064-5462,1530-9185,,
225,Artificial Life and Robotics,CORE2020,C,No,0801,0906,,1433-5298,,,
101,Asia-Pacific Journal of Operational Research,CORE2020,C,No,0802,0102,1503,0217-5959,1793-7019,,
557,Asian Journal of Information Technology,CORE2020,C,No,0806,1702,,1682-3915,1993-5994,,
857,ASOR Bulletin,CORE2020,C,No,0806,1503,,0812-860X,1446-6678,,
81,Australasian Journal of Combinatorics,CORE2020,B,No,0802,0101,,1034-4942,,,
527,Australasian Journal of Information Systems,CORE2020,B,No,0806,1702,,1449-8618,1326-2238,1039-7841,
179,Australian Journal of Intelligent Information Processing Systems,CORE2020,B,No,0801,1702,,1321-2133,,,
129,Automated Software Engineering,CORE2020,B,Yes,0801,0803,1702,0928-8910,1573-7535,,
226,Automatic Control and Computer Sciences,CORE2020,C,No,0801,,,0146-4116,0005-1047,,
130,Autonomous Agents and Multi-Agent Systems,CORE2020,A,No,0801,1702,,1387-2532,1573-7454,,
180,Autonomous Robots,CORE2020,B,No,0801,1702,,0929-5593,1573-7527,,
131,Behaviour and Information Technology,CORE2020,B,Yes,0801,1702,,0144-929X,1362-3001,,
132,BMC Bioinformatics,CORE2020,A,No,0801,0601,0802,1471-2105,,,
528,BMC Medical Informatics and Decision Making,CORE2020,B,No,0806,1103,,1472-6947,,,
558,Bulletin of Informatics and Cybernetics,CORE2020,C,No,0806,1702,,0286-522X,,,
310,Bulletin of the European Association for Theoretical Computer Science,CORE2020,C,No,0802,,,0252-9742,,,
430,Business Intelligence Journal,CORE2020,C,No,0804,,,1547-2825,1092-6208,,
529,Business Process Management Journal,CORE2020,B,No,0806,1503,,1463-7154,1758-4116,,
311,Chicago Journal of Theoretical Computer Science,CORE2020,C,No,0802,1702,,1073-0486,,,
160,Cognitive Science,CORE2020,A*,No,0801,1701,1702,0364-0213,1551-6709,,
228,Cognitive Science Quarterly,CORE2020,C,No,0801,1702,,1466-6553,,,
1,Combinatorica: an international journal on combinatorics and the theory of computing,CORE2020,A,No,08,01,,0209-9683,1439-6912,,
2,"Combinatorics, Probability and Computing",CORE2020,A,No,08,01,,0963-5483,1469-2163,,
102,Communications in Information and Systems,CORE2020,C,No,0802,0102,1702,1526-7555,,,
14,Communications in Statistics: Simulation and Computation,CORE2020,C,No,08,01,,0361-0918,1532-4141,,
505,Communications of the Association for Information Systems,CORE2020,Not primarily CS,Yes,0806,,,1529-3181,,,
443,Communications of the IBIMA,CORE2020,Not ranked,No,0804,0806,,1943-7765,,,
559,Communications of the ICISA,CORE2020,C,No,0806,,,1533-2454,,,
530,Communications of the IIMA,CORE2020,B,No,0806,,,1543-5970,1941-6687,,
229,Complex Systems,CORE2020,C,No,0801,0802,1702,0891-2513,,,
95,Complexity,CORE2020,B,No,0802,0102,0103,1076-2787,1099-0526,,
230,Complexity International,CORE2020,C,No,0801,0802,0103,1320-0682,,,
133,Computational Complexity,CORE2020,A,No,0801,0802,1702,1016-3328,1420-8954,,
134,Computational Intelligence,CORE2020,B,Yes,0801,1702,,0824-7935,1467-8640,,
161,Computational Linguistics,CORE2020,A*,No,0801,2004,1702,0891-2017,1530-9312,,
9,Computational Statistics,CORE2020,B,No,08,01,,0943-4062,,,
113,Computational Statistics and Data Analysis,CORE2020,B,Yes,0802,0104,,0167-9473,1872-7352,,
184,Computer Animation and Virtual Worlds,CORE2020,B,No,0801,0802,1702,1546-4261,1546-427X,1049-8907,
475,Computer Communications,CORE2020,C,No,0805,1005,,0140-3664,1873-703X,,
476,Computer Communications Review,CORE2020,survey/review,Yes,0805,,,0146-4833,1943-5819,,
185,Computer Graphics Forum: the international journal of the Eurographics Association,CORE2020,B,No,0801,,,0167-7055,1467-8659,,
446,Computer Networks,CORE2020,A,No,0805,,,1389-1286,1872-7069,0169-7552,
27,Computer Physics Communications,CORE2020,A,No,08,02,01,0010-4655,1879-2944,1386-9485,
388,Computer Science - Research and Development,CORE2020,C,No,0803,,,1865-2034,1865-2042,0178-3564,
783,Computer Science Education,CORE2020,B,Yes,0899,,,0899-3408,1744-5175,,
135,Computer Speech and Language,CORE2020,A,No,0801,1702,,0885-2308,1095-8363,,
363,Computer Standards and Interfaces,CORE2020,B,No,0803,0804,,0920-5489,1872-7018,,
531,Computer Supported Cooperative Work: the journal of collaborative computing,CORE2020,B,No,0806,1702,,0925-9724,1573-7551,,
477,Computer Systems Science and Engineering,CORE2020,C,No,0805,,,0267-6192,,,
136,Computer Vision and Image Understanding,CORE2020,A,No,0801,1702,,1077-3142,1090-235X,,
364,Computers and Electrical Engineering,CORE2020,B,No,0803,0805,0906,0045-7906,,,
126,Computers and Electronics in Agriculture,CORE2020,Not primarily CS,Yes,0899,0799,,0168-1699,,,
186,Computers and Graphics - UK,CORE2020,B,No,0801,,,0097-8493,1873-7684,,
91,Computers and Mathematics with Applications,CORE2020,not primarily CS,Yes,0802,0103,0102,0898-1221,1873-7668,,
365,Computers and Security,CORE2020,B,No,0803,0805,0806,0167-4048,1872-6208,,
421,Computers in Biology and Medicine,CORE2020,B,No,0804,1702,0802,0010-4825,,,
532,Computers in Human Behavior,CORE2020,not primarily CS,Yes,0806,1701,1702,0747-5632,1873-7692,,
366,Computers in Industry,CORE2020,B,No,0803,0805,1702,0166-3615,1872-6194,,
28,Computing,CORE2020,B,Yes,08,01,,0010-485X,1436-5057,,
312,Computing in Science and Engineering,CORE2020,C,No,0802,0805,0103,1521-9615,1558-366X,,
447,Concurrency and Computation: Practice and Experience,CORE2020,B,Yes,0805,,,1532-0626,1532-0634,1040-3108,
86,Congressus Numerantium: a conference journal on numerical themes,CORE2020,C,No,0802,0101,,0384-9864,0384-997X,,
187,"Connection Science: journal of neural computing, artificial intelligence, and cognitive research",CORE2020,B,No,0801,1702,,0954-0091,1360-0494,,
137,Constraints,CORE2020,A,No,0801,0803,,1383-7133,1572-9354,,
231,Control and Cybernetics,CORE2020,C,No,0801,0802,,0324-8569,,,
232,Cryptologia: a quarterly journal devoted to all aspects of cryptology,CORE2020,C,No,0801,0802,,0161-1194,1558-1586,,
122,Current Bioinformatics,CORE2020,C,No,0899,0601,,1574-8936,,,
188,Cybernetics and Systems,CORE2020,B,No,0801,1702,,0196-9722,1087-6553,,
422,Data and Knowledge Engineering,CORE2020,B,No,0804,,,0169-023X,1872-6933,,
423,Data Base for Advances in Information Systems,CORE2020,B,No,0804,0806,,1532-0936,,,
139,Data Mining and Knowledge Discovery,CORE2020,A,No,0801,0804,,1384-5810,1573-756X,,
431,Data Science Journal,CORE2020,C,No,0804,,,1683-1470,,,
31,Decision Support Systems,CORE2020,not primarily CS,Yes,08,15,01,0167-9236,1873-5797,,
72,"Design, Codes and Cryptography",CORE2020,B,Yes,0802,0101,0906,0925-1022,1573-7586,,
162,Digital Creativity,CORE2020,C,Yes,0801,1902,1203,1462-6268,1744-3806,,
798,"Digital Forensics, Security and Law. Journal",CORE2020,C,No,0899,,,1558-7215,1558-7223,,
799,Digital Investigation,CORE2020,C,No,0899,,,1742-2876,1873-202X,,
313,Discrete Event Dynamic Systems,CORE2020,C,No,0802,0102,,0924-6703,1573-7594,,
82,Discrete Mathematics,CORE2020,B,No,0802,0102,0101,0012-365X,1872-681X,,
10,Discrete Mathematics and Theoretical Computer Science,CORE2020,B,No,08,01,,1365-8050,,,
314,Discussiones Mathematicae. Graph Theory,CORE2020,C,No,0802,,,1234-3099,,,
189,Displays,CORE2020,B,No,0801,0806,0906,0141-9382,1872-7387,,
414,Distributed and Parallel Databases,CORE2020,B,Yes,0804,0805,,0926-8782,1573-7578,,
448,Distributed Computing,CORE2020,A,No,0805,,,0178-2770,1432-0452,,
49,Egyptian Computer Science Journal,CORE2020,C,No,08,,,1110-2586,,,
506,Electronic Commerce Research,CORE2020,B,Yes,0806,,,1389-5753,1572-9362,,
560,Electronic Commerce Research and Applications,CORE2020,B,Yes,0806,,,1567-4223,1873-7846,,
533,Electronic Journal of Information Systems Evaluation,CORE2020,B,No,0806,,,1566-6379,,,
233,Electronic Journal of Knowledge Management,CORE2020,C,No,0801,0806,,1479-4411,,,
562,Electronic Journal of Organizational Virtualness,CORE2020,C,No,0806,,,1422-9331,,,
638,Electronic Markets,CORE2020,A,No,0807,0806,,1019-6781,1422-8890,,
315,Electronic Notes in Discrete Mathematics,CORE2020,C,No,0802,,,1571-0653,,,
316,Electronic Notes in Theoretical Computer Science,CORE2020,C,No,0802,1702,,1571-0661,,,
234,Electronic Transactions on Artificial Intelligence,CORE2020,C,No,0801,1702,,1403-3534,,,
345,Empirical Software Engineering: an international journal,CORE2020,A,No,0803,,,1382-3256,1573-7616,,
190,Engineering Applications of Artificial Intelligence,CORE2020,B,No,0801,,,0952-1976,1873-6769,,
235,Engineering Intelligent Systems for Electrical Engineering and Communications,CORE2020,C,No,0801,,,1472-8915,,,
563,Enterprise Information Systems,CORE2020,C,No,0806,1503,,1751-7575,1751-7583,,
564,Enterprise Modelling and Information Systems Architectures,CORE2020,C,No,0806,,,1860-6059,,,
3,European Journal of Operational Research,CORE2020,A,No,08,01,09,0377-2217,1872-6860,,
140,Evolutionary Computation,CORE2020,A,No,0801,0103,0102,1063-6560,1530-9304,,
236,Evolutionary Intelligence,CORE2020,C,No,0801,,,1864-5909,,,
191,Expert Systems with Applications,CORE2020,B,No,0801,0806,0102,0957-4174,1873-6793,,
237,Expert Systems: the journal of knowledge engineering,CORE2020,C,No,0801,1702,,0266-4720,1468-0394,,
283,Formal Aspects of Computing: applicable formal methods,CORE2020,B,Yes,0802,,,0934-5043,1433-299X,,
284,Formal Methods in System Design,CORE2020,A,No,0802,0805,,0925-9856,1572-8102,,
565,Foundations and Trends in Information Retrieval,CORE2020,Survey/review,Yes,0806,0801,,1554-0669,1554-0677,,
317,Foundations and Trends in Theoretical Computer Science,CORE2020,survey/review journal,Yes,0802,,,1551-305X,1551-3068,,
4,Foundations of Computational Mathematics,CORE2020,A,No,08,01,,1615-3375,1615-3383,,
301,Fundamenta Informaticae,CORE2020,B,No,0802,,,0169-2968,1875-8681,,
449,"Future Generation Computer Systems: the international journal of grid computing: theory, methods and applications",CORE2020,A,No,0805,,,0167-739X,1872-7115,,
73,Fuzzy Sets and Systems,CORE2020,A,No,0801,0101,,0165-0114,1872-6801,,
238,Graphical Models,CORE2020,C,No,0801,,,1077-3169,1524-0711,1049-9652,
83,Graphs and Combinatorics,CORE2020,B,No,0802,0101,,0911-0119,1435-5914,,
566,Health Informatics Journal,CORE2020,C,No,0806,0807,,1460-4582,1741-2811,1355-4743,0965-8335
318,Higher Order and Symbolic Computation,CORE2020,C,No,0802,1702,,1388-3690,1573-0557,0892-4635,
534,Human IT:  Journal of information technology studies as a human science,CORE2020,B,No,0806,,,1402-151X,,,
29,Human-Computer Interaction,CORE2020,A,No,08,17,12,0737-0024,1532-7051,,
50,IAENG International Journal of Computer Science,CORE2020,C,No,08,,,1819-656X,1819-9224,,
125,IBIS,CORE2020,B,No,0806,0608,,0019-1019,1474-919X,,
346,IBM Journal of Research and Development,CORE2020,B,Yes,0803,0806,,0018-8646,,,
410,Identity in the Information Society,CORE2020,Not ranked,No,0803,0804,,1876-0678,,,
389,IEEE - ACM Transactions on Computational Biology and Bioinformatics,CORE2020,C,No,0803,0801,0903,1557-9964,1545-5963,,
457,IEEE ACM Transactions on Networking,CORE2020,A*,No,0805,,,1063-6692,1558-2566,,
790,IEEE Annals of the History of Computing,CORE2020,Survey review,Yes,0899,2202,1702,1058-6180,1934-1547,,
192,IEEE Computer Graphics and Applications,CORE2020,B,No,0801,1702,,0272-1716,1558-1756,,
478,IEEE Distributed Systems Online,CORE2020,C,No,0805,,,1541-4922,,,
141,IEEE Intelligent Systems,CORE2020,A,No,0801,1702,,1541-1672,1941-1294,1094-7167,0885-9000
462,IEEE Internet Computing,CORE2020,B,No,0805,,,1089-7801,1941-0131,,
70,IEEE Journal of Biomedical and Health Informatics (was IEEE Transactions on Information Technology in Biomedicine),CORE2020,A*,No,08,09,11,1089-7771,1558-0032,,
390,IEEE MultiMedia Magazine,CORE2020,C,No,0803,,,1070-986X,1941-0166,,
450,IEEE Pervasive Computing,CORE2020,A,No,0805,,,1536-1268,1558-2590,,
837,IEEE Robotics and Automation magazine,CORE2020,B,No,0801,0913,0906,1070-9932,,,
424,IEEE Security and Privacy Magazine,CORE2020,B,No,0804,,,1540-7993,,,
367,IEEE Software,CORE2020,B,No,0803,,,0740-7459,,,
360,IEEE Transactions on Computers,CORE2020,A*,No,0803,,,0018-9340,,,
348,IEEE Transactions on Dependable and Secure Computing,CORE2020,A,No,0803,0804,0805,1545-5971,1941-0018,,
163,IEEE Transactions on Evolutionary Computation,CORE2020,A*,No,0801,1702,0906,1089-778X,1941-0026,,
164,IEEE Transactions on Fuzzy Systems,CORE2020,A*,No,0801,0906,,1063-6706,1941-0034,,
40,"IEEE Transactions on Human-Machine Systems (was IEEE Transactions on Systems, Man and Cybernetics, Part C: Applications and Reviews)",CORE2020,B,No,08,17,09,1094-6977,1558-2442,,
165,IEEE Transactions on Image Processing,CORE2020,A*,No,0801,1702,0906,1057-7149,1941-0042,,
285,IEEE Transactions on Information Forensics and Security,CORE2020,A,No,0802,0803,0906,1556-6013,1556-6021,,
166,IEEE Transactions on Information Theory,CORE2020,A*,No,0801,1702,0906,0018-9448,1557-9654,,
415,IEEE Transactions on Knowledge and Data Engineering,CORE2020,A*,Yes,0804,,,1041-4347,1558-2191,,
32,IEEE Transactions on Medical Imaging,CORE2020,A*,No,08,09,,0278-0062,1558-254X,,
458,IEEE Transactions on Mobile Computing,CORE2020,A*,No,0805,1005,,1536-1233,1558-0660,,
349,IEEE Transactions on Multimedia,CORE2020,A*,Yes,0803,0906,,1520-9210,1941-0077,,
167,IEEE Transactions on Neural Networks and Learning Systems (was IEEE Transactions on Neural Networks),CORE2020,A*,No,0801,1702,0906,1045-9227,1941-0093,,
459,IEEE Transactions on Parallel and Distributed Systems,CORE2020,A*,No,0805,,,1045-9219,1558-2183,,
168,IEEE Transactions on Pattern Analysis and Machine Intelligence,CORE2020,A*,No,0801,0806,,0162-8828,,,
535,IEEE Transactions on Professional Communication,CORE2020,B,No,0806,,,0361-1434,1558-1500,,
350,IEEE Transactions on Reliability,CORE2020,A,No,0803,0906,,0018-9529,1558-1721,,
835,IEEE Transactions on Robotics,CORE2020,A*,No,0801,0913,0906,1552-3098,1941-0468,,
411,IEEE Transactions on Services Computing,CORE2020,A*,Yes,0803,0805,,1939-1374,,,
361,IEEE Transactions on Software Engineering,CORE2020,A*,No,0803,0806,,0098-5589,1939-3520,,
39,"IEEE Transactions on Systems, Man and Cybernetics, Part A: Systems (was IEEE Transactions on Systems, Man and Cybernetics, Part A: Systems and Humans)",CORE2020,B,No,08,09,,1083-4427,1558-2426,,
30,"IEEE Transactions on Systems, Man and Cybernetics, Part B: Cybernetics",CORE2020,A,No,08,09,17,1083-4419,1941-0492,,
142,IEEE Transactions on Visualization and Computer Graphics,CORE2020,A,No,0801,0802,,1077-2626,1941-0506,,
391,IEICE Transactions on Fundamentals of Electronics Communications and Computer Sciences,CORE2020,C,No,0803,0906,,0916-8508,1745-1337,0913-5707,
567,IEICE Transactions on Information and Systems,CORE2020,C,No,0806,1801,0906,0916-8532,1745-1361,,
193,IET Computer Vision,CORE2020,B,No,0801,1702,0906,1751-9632,1751-9640,1350-245X,
368,IET Computers and Digital Techniques,CORE2020,B,No,0803,0906,,1751-8601,1751-861X,,
432,IET Information Security,CORE2020,C,No,0804,0906,,1751-8709,1751-8717,,
392,IET Software,CORE2020,C,No,0803,0906,,1751-8806,1751-8814,1462-5970,
393,IETE Journal of Research,CORE2020,C,No,0803,,,0377-2063,,,
194,Image and Vision Computing,CORE2020,B,No,0801,0906,,0262-8856,1872-8138,,
369,Industrial Management + Data Systems,CORE2020,not primarily CS,Yes,0803,0806,,0263-5577,1758-5783,,
842,Industrial Robot,CORE2020,C,No,0801,0906,0913,0143-991X,1758-5791,1356-3378,
51,InfoComp,CORE2020,C,No,08,,,1807-4545,,,
319,INFOR: Information Systems and Operational Research,CORE2020,C,No,0802,0806,1702,0315-5986,1916-0615,,
239,Informatica,CORE2020,C,No,0801,0803,,0868-4952,0134-8639,,
240,Informatica: journal of computing and informatics,CORE2020,C,No,0801,0803,,0350-5596,1854-3871,,
728,Informatics for Health and Social Care,CORE2020,C,No,0807,,,1753-8157,1753-8165,1463-9238,0959-8316
792,Informatics in Education,CORE2020,B,No,0899,,,1648-5831,,,
729,Informatics In Primary Care,CORE2020,C,No,0807,,,1476-0320,1475-9985,1352-2477,
41,Information and Computation,CORE2020,B,No,08,,,0890-5401,1090-2651,,
639,Information and Organization,CORE2020,Not primarily CS,Yes,0807,0806,,1471-7727,1873-7919,0959-8022,
370,Information and Software Technology,CORE2020,A,Yes,0803,0806,,0950-5849,1873-6025,,
241,Information Fusion,CORE2020,B,Yes,0801,,,1566-2535,1872-6305,,
568,Information Management and Computer Security,CORE2020,C,No,0806,,,0968-5227,1758-5805,,
507,Information Processing and Management,CORE2020,A,No,0806,0807,,0306-4573,1873-5371,,
11,Information Processing Letters,CORE2020,B,No,08,01,,0020-0190,1872-6119,,
425,Information Retrieval,CORE2020,B,No,0804,0806,0807,1386-4564,1573-7659,,
680,Information Sciences,CORE2020,A,Yes,0807,0806,,0020-0255,1872-6291,1069-0115,
433,Information Security Journal: a Global Perspective,CORE2020,C,No,0804,,,1939-3555,1939-3547,1065-898X,
844,Information Security Technical Report,CORE2020,B,No,0803,1005,,1363-4127,,,
520,Information Systems,CORE2020,A*,No,0806,,,0306-4379,1873-6076,,
569,Information Systems and e-Business Management,CORE2020,C,No,0806,,,1617-9846,1617-9854,,
570,Information Systems Control Journal,CORE2020,C,No,0806,,,1526-7407,1076-4100,0885-0445,
536,Information Systems Frontiers: a journal of research and innovation,CORE2020,not primarily CS,Yes,0806,,,1387-3326,1572-9419,,
522,Information Systems Research,CORE2020,not primarily CS,Yes,0806,0807,1503,1047-7047,1526-5536,,
681,Information Technology and Libraries,CORE2020,B,No,0807,0806,,0730-9295,,,
571,Information Technology and Management,CORE2020,C,No,0806,,,1385-951X,1573-7667,,
508,Information Technology and People,CORE2020,Not primarily CS,Yes,0806,0807,,0959-3845,1758-5813,,
242,Information Technology for Economics and Management,CORE2020,C,No,0801,,,1643-8949,,,
572,Information Technology in Hospitality,CORE2020,C,No,0806,,,1545-9535,1943-443X,1533-7340,
538,Information Technology Management,CORE2020,B,No,0806,,,1080-286X,,,
574,"Information Technology, Learning, and Performance Journal",CORE2020,C,No,0806,,,1535-1556,0737-8998,,
320,Information Visualization,CORE2020,C,No,0802,0804,1702,1473-8716,1473-8724,,
575,"Information, Knowledge, Systems Management",CORE2020,C,No,0806,1702,,1389-1995,1875-8762,,
576,Informing Science: international journal of an emerging transdiscipline,CORE2020,C,No,0806,,,1521-4672,1547-9684,1547-9692,
5,Informs Journal on Computing,CORE2020,A,No,08,01,,1091-9856,1526-5528,,
243,Integrated Computer Aided Engineering,CORE2020,B,Yes,0801,0803,,1069-2509,,,
244,Intelligent Automation and Soft Computing,CORE2020,C,No,0801,1702,,1079-8587,,,
195,Intelligent Data Analysis,CORE2020,B,No,0801,0804,1702,1088-467X,1571-4128,,
245,"Intelligent Systems in Accounting, Finance and Management",CORE2020,C,No,0801,1702,,1550-1949,1099-1174,,
539,Interacting with Computers,CORE2020,B,No,0806,1702,1203,0953-5438,,,
577,Interactive Multimedia Electronic Journal of Computer Enhanced Learning,CORE2020,C,No,0806,,,1525-9102,,,
736,"Interdisciplinary Journal of Information, Knowledge, and Management",CORE2020,C,No,0807,1503,,1555-1229,,,
540,Interfaces,CORE2020,B,No,0806,0103,0102,0092-2102,1526-551X,,
578,International Journal for Infonomics,CORE2020,not primarily CS,Yes,0806,0807,,1742-4720,,,
463,International Journal of Ad Hoc and Ubiquitous Computing,CORE2020,B,No,0805,1005,1702,1743-8225,1743-8233,,
855,International Journal of Advanced Information Technologies,CORE2020,B,No,0806,1503,,1996-2568,,,
278,International Journal of Advanced Intelligence Paradigms,CORE2020,Not ranked,No,0801,,,1755-0386,1755-0394,,
394,International Journal of Advanced Media and Communication,CORE2020,C,No,0803,,,1462-4613,1741-8003,,
42,International Journal of Advanced Robotic Systems,CORE2020,B,No,08,09,17,1729-8806,1729-8814,,
372,International Journal of Agent Oriented Software Engineering,CORE2020,B,No,0803,1702,,1746-1375,1746-1383,,
444,International Journal of Applied Cryptography,CORE2020,Not ranked,No,0804,,,1753-0563,,,
626,International Journal of Applied Decision Sciences,CORE2020,Not ranked,No,0806,,,1755-8077,1755-8085,,
15,International Journal of Applied Mathematics and Computer Sciences,CORE2020,C,No,08,01,,1307-6906,,,
110,International Journal of Approximate Reasoning,CORE2020,B,No,0801,0104,0103,0888-613X,1873-4731,,
279,International Journal of Artificial Intelligence and Soft Computing,CORE2020,Not ranked,No,0801,,,1755-4950,1755-4969,,
502,International Journal of Autonomous and Adaptive Communications Systems,CORE2020,Not ranked,No,0805,1702,,1754-8632,1754-8640,,
121,International Journal of Bioinformatics Research and Applications,CORE2020,B,No,0899,0601,,1744-5485,1744-5493,,
124,International Journal of Biometrics,CORE2020,Not ranked,No,0802,0601,,1755-8301,1755-831X,,
479,International Journal of Business Data Communications and Networking,CORE2020,C,No,0805,,,1548-0631,1548-064X,,
579,International Journal of Business Information Systems,CORE2020,C,No,0806,,,1746-0972,1746-0980,,
434,International Journal of Business Intelligence and Data Mining,CORE2020,C,No,0804,,,1743-8195,1743-8187,,
480,International Journal of Cases on Electronic Commerce,CORE2020,C,No,0805,0806,,1548-0623,1548-0615,,
246,International Journal of Cognitive Informatics and Natural Intelligence,CORE2020,C,No,0801,1702,,1557-3958,1557-3966,,
503,International Journal of Communication Networks and Distributed Systems,CORE2020,Not ranked,No,0805,1702,,1754-3916,1754-3924,,
302,International Journal of Computational Geometry and Applications,CORE2020,B,No,0802,,,0218-1959,1793-6357,,
247,International Journal of Computational Intelligence,CORE2020,C,No,0801,1702,,1304-4508,1304-2386,,
143,International Journal of Computational Intelligence and Applications,CORE2020,B,Yes,0801,,,1469-0268,1757-5885,,
248,International Journal of Computational Intelligence Research,CORE2020,C,No,0801,,,0973-1873,0974-1259,,
87,International Journal of Computational Mathematics and Numerical Simulation,CORE2020,C,No,0802,0101,,0973-581X,,,
321,International Journal of Computational Methods,CORE2020,C,No,0802,0906,0103,0219-8762,1793-6969,,
52,International Journal of Computer and Information Science and Engineering,CORE2020,C,No,08,,,1307-4164,,,
804,International Journal of Computer Applications in Technology,CORE2020,C,No,0899,,,0952-8091,1741-5047,,
103,International Journal of Computer Mathematics,CORE2020,C,No,0802,0102,,0020-7160,1029-0265,1026-7425,
845,International journal of Computer Networks and Communications,CORE2020,C,No,0803,1005,0805,0974-9322,0975-2293,,
435,International Journal of Computer Processing of Oriental Languages,CORE2020,C,No,0804,2003,,0219-4279,1793-6748,0715-9048,
249,International Journal of Computer Science and Engineering,CORE2020,C,No,0801,0906,,1307-3699,,,
322,International Journal of Computer Science and Network Security,CORE2020,C,No,0802,,,1738-7906,,,
144,International Journal of Computer Vision,CORE2020,A*,Yes,0801,,,0920-5691,1573-1405,,
481,International Journal of Computers and Applications,CORE2020,C,No,0805,1702,,1206-212X,1206-2138,0702-0481,
395,International Journal of Computers and Their Applications,CORE2020,C,No,0803,0805,1702,1076-5204,,,
323,International Journal of Computing Science and Mathematics,CORE2020,C,No,0802,,,1752-5055,1752-5063,,
580,International Journal of Cooperative Information Systems,CORE2020,C,No,0806,1702,,0218-8430,1793-6365,0218-2157,
338,International Journal of Critical Infrastructure Protection,CORE2020,Not ranked,No,0802,,,1874-5482,,,
123,International Journal of Data Mining and Bioinformatics,CORE2020,C,No,0899,0601,,1748-5673,1748-5681,,
250,International Journal of Data Warehousing and Mining,CORE2020,C,No,0801,0804,0806,1548-3924,1548-3932,,
627,International Journal of Digital Earth: a new journal for a new vision,CORE2020,B,Yes,0806,,,1753-8947,,,
482,International Journal of Distributed Sensor Networks,CORE2020,C,No,0805,1702,,1550-1329,1550-1477,,
581,International Journal of e-Business Research,CORE2020,C,No,0806,,,1548-1131,1548-114X,,
542,International Journal of e-Collaboration,CORE2020,B,No,0806,,,1548-3673,1548-3681,,
509,International Journal of Electronic Commerce,CORE2020,A,No,0806,1503,,1086-4415,1557-9301,,
806,International Journal of Electronic Security and Digital Forensics,CORE2020,C,No,0899,,,1751-911X,1751-9128,,
582,International Journal of Enterprise Information Systems,CORE2020,C,No,0806,,,1548-1115,1548-1123,,
303,International Journal of Foundations of Computer Science,CORE2020,B,No,0802,,,0129-0541,1793-6373,,
280,International Journal of Functional Informatics and Personalised Medicine,CORE2020,Not ranked,No,0801,,,1756-2104,1756-2112,,
324,International Journal of Fuzzy Systems,CORE2020,C,No,0802,0102,,1562-2479,,,
251,International Journal of General Systems,CORE2020,C,No,0801,0802,,0308-1079,1026-7492,1563-5104,
510,International Journal of Geographical Information Science,CORE2020,A,No,0806,0406,0909,1365-8816,1365-8824,0269-3798,
464,International Journal of Grid and Utility Computing,CORE2020,B,No,0805,,,1741-847X,1741-8488,,
738,International Journal of Healthcare Information Systems and Informatics,CORE2020,C,No,0807,0806,,1555-3396,1555-340X,,
465,International Journal of High Performance Computing and Networking,CORE2020,B,No,0805,,,1740-0562,1740-0570,,
466,International Journal of High Performance Computing Applications,CORE2020,B,No,0805,,,1094-3420,1741-2846,1078-3482,
583,International Journal of High Performance Systems Architecture,CORE2020,C,No,0806,0803,0805,1751-6528,1751-6536,,
483,International Journal of High Speed Computing,CORE2020,C,No,0805,,,0129-0533,,,
584,International Journal of Human Factors Modelling and Simulation,CORE2020,C,No,0806,1106,,1742-5549,1742-5557,,
43,International Journal of Human-Computer Interaction,CORE2020,B,No,08,16,,1044-7318,1532-7590,,
861,International Journal of Human-Computer Studies,CORE2020,A,No,0806,1702,1701,1071-5819,1095-9300,1042-8143,
839,International Journal of Humanoid Robotics,CORE2020,C,No,0801,0913,0906,0219-8436,1793-6942,,
252,International Journal of Hybrid Intelligent Systems,CORE2020,C,No,0801,1702,,1448-5869,1875-8819,,
253,International Journal of Image and Graphics,CORE2020,C,No,0801,,,0219-4678,1793-6756,,
197,International Journal of Imaging Systems and Technology,CORE2020,B,No,0801,,,0899-9457,1098-1098,,
53,International Journal of Information and Communication Technology,CORE2020,C,No,08,,,1466-6642,1741-8070,,
585,International Journal of Information and Computer Security,CORE2020,C,No,0806,,,1744-1765,1744-1773,,
628,International Journal of Information and Decision Sciences,CORE2020,Not ranked,No,0806,,,1756-7017,1756-7025,,
586,International Journal of Information and Systems Sciences,CORE2020,C,No,0806,0801,0804,1708-296X,,,
739,International Journal of Information Management,CORE2020,not primarily CS,Yes,0807,0806,,0268-4012,1873-4707,,
436,International Journal of Information Quality,CORE2020,C,No,0804,,,1751-0457,1751-0465,,
587,International Journal of Information Security,CORE2020,C,No,0806,1503,0804,1615-5262,1615-5270,,
588,International Journal of Information Security and Privacy,CORE2020,C,No,0806,,,1930-1650,1930-1669,,
629,International Journal of Information Systems and Supply Chain Management,CORE2020,Not ranked,No,0806,,,1935-5726,1935-5734,,
55,International Journal of Information Technology,CORE2020,C,No,08,17,,1305-239X,1305-2403,,
254,International Journal of Information Technology and Decision Making,CORE2020,C,No,0801,1503,,0219-6220,1793-6845,,
589,International Journal of Information Technology and Management,CORE2020,C,No,0806,,,1461-4111,1741-5179,,
630,International Journal of Information Technology and the Systems Approach,CORE2020,Not ranked,No,0806,,,1935-570X,1935-5718,,
484,International Journal of Information Technology and Web Engineering,CORE2020,C,No,0805,0806,,1554-1045,1554-1053,,
255,International Journal of Innovative Computing and Applications,CORE2020,C,No,0801,,,1751-648X,1751-6498,,
850,International Journal of Intelligent Defence Support Systems,CORE2020,Not ranked,No,0806,1099,,1755-1587,1755-1595,,
256,International Journal of Intelligent Information and Database Systems,CORE2020,C,No,0801,0804,,1751-5858,1751-5866,,
56,International Journal of Intelligent Information Technologies,CORE2020,C,No,08,,,1548-3657,1548-3665,,
198,International Journal of Intelligent Systems,CORE2020,B,No,0801,1702,,0884-8173,1098-111X,,
838,International Journal of Intelligent Systems Technologies and Applications,CORE2020,B,No,0801,0906,0803,1740-8865,1740-8873,,
257,International Journal of Intelligent Technology,CORE2020,C,No,0801,1702,,1305-6417,,,
485,International Journal of Internet and Enterprise Management,CORE2020,C,No,0805,0806,,1476-1300,1741-5330,,
486,International Journal of Internet Protocol Technology,CORE2020,C,No,0805,,,1743-8209,1743-8217,,
437,International Journal of Internet Technology and Secured Transactions,CORE2020,C,No,0804,0805,,1748-569X,1748-5703,,
590,International Journal of Interoperability in Business Information Systems,CORE2020,C,No,0806,,,1862-6378,,,
591,International Journal of IT Standards and Standardization Research,CORE2020,C,No,0806,,,1539-3062,1539-3054,,
740,International Journal of Knowledge and Learning,CORE2020,not primarily CS,Yes,0807,,,1741-1009,1741-1017,,
438,International Journal of Knowledge Management,CORE2020,C,No,0804,0806,,1548-0666,1548-0658,,
592,International Journal of Knowledge Management Studies,CORE2020,C,No,0806,1702,,1743-8268,1743-8276,,
811,International Journal of Law and Information Technology,CORE2020,not primarily CS,Yes,0899,1801,1702,0967-0769,1464-3693,,
594,International Journal of Man-Machine Studies,CORE2020,C,No,0806,,,0020-7373,,,
593,International Journal of Management and Systems,CORE2020,C,No,0806,,,0970-7328,,,
631,International Journal of Medical Engineering and Informatics,CORE2020,Not ranked,No,0806,0903,,1755-0653,1755-0661,,
644,International Journal of Medical Informatics,CORE2020,A,No,0807,0903,0806,1386-5056,1872-8243,,
439,International Journal of Metadata Semantics and Ontologies,CORE2020,C,No,0804,,,1744-2621,1744-263X,,
487,International Journal of Mobile Communications,CORE2020,C,No,0805,,,1470-949X,1741-5217,,
488,International Journal of Mobile Network Design and Innovation,CORE2020,C,No,0805,1005,,1744-2869,1744-2850,,
325,International Journal of Modelling and Simulation,CORE2020,C,No,0802,0803,1702,0228-6203,,,
258,"International Journal of Modelling, Identification and Control",CORE2020,C,No,0801,,,1746-6172,1746-6180,,
846,International Journal of Network Management,CORE2020,C,No,0805,1005,,1055-7148,1099-1190,,
199,International Journal of Neural Systems,CORE2020,B,No,0801,1702,,0129-0657,1793-6462,,
452,International Journal of Parallel Programming,CORE2020,B,Yes,0805,,,0885-7458,1573-7640,0091-7036,
304,"International Journal of Parallel, Emergent and Distributed Systems",CORE2020,B,No,0802,0805,1702,1744-5760,1744-5779,1063-7192,
200,International Journal of Pattern Recognition and Artificial Intelligence,CORE2020,B,No,0801,1702,,0218-0014,1793-6381,,
489,International Journal of Pervasive Computing and Communications,CORE2020,C,No,0805,1702,,1742-7371,1742-738X,,
57,International Journal of Quantum Information,CORE2020,C,No,08,02,01,0219-7499,1793-6918,,
396,International Journal of Reliability and Applications,CORE2020,C,No,0803,,,1598-0073,,,
836,International Journal of Robotics Research,CORE2020,A*,No,0801,0913,0906,0278-3649,1741-3176,,
847,International Journal of Satellite Communications and Networking,CORE2020,C,No,0805,0906,1005,1542-0973,1542-0981,0737-2884,
490,International Journal of Security and Networks,CORE2020,C,No,0805,,,1747-8405,1747-8413,,
544,International Journal of Semantic Computing,CORE2020,B,No,0806,,,1793-351X,1793-7108,,
326,International Journal of Simulation and Process Modelling,CORE2020,C,No,0802,1503,1702,1740-2123,1740-2131,,
491,International Journal of Smart Home,CORE2020,C,No,0805,,,1975-4094,,,
632,International Journal of Social Humanistic Computing,CORE2020,Not ranked,No,0806,,,1752-6124,1752-6132,,
201,International Journal of Software Engineering and Knowledge Engineering,CORE2020,B,No,0801,0803,,0218-1940,1793-6403,,
259,International Journal of Systems Science,CORE2020,C,No,0801,1702,,0020-7721,1464-5319,,
741,International Journal of Technology and Human Interaction,CORE2020,C,No,0807,0806,,1548-3908,1548-3916,,
742,"International Journal of Technology, Knowledge and Society",CORE2020,not primarily CS,Yes,0807,,,1832-3669,,,
260,"International Journal of Uncertainty, Fuzziness and Knowledge Based Systems",CORE2020,C,No,0801,,,0218-4885,1793-6411,,
412,International Journal of Virtual Technology and Multimedia,CORE2020,Not ranked,No,0803,0806,0801,1741-1874,1741-1882,,
18,"International Journal of Wavelets, Multiresolution and Information Processing",CORE2020,C,No,08,01,,0219-6913,1793-690X,,
492,International Journal of Web and Grid Services,CORE2020,C,No,0805,,,1741-1106,1741-1114,,
595,International Journal of Web Based Communities,CORE2020,C,No,0806,,,1477-8394,1741-8216,,
397,International Journal of Web Engineering and Technology,CORE2020,C,No,0803,,,1476-1289,1741-9212,,
398,International Journal of Web Information Systems,CORE2020,C,No,0803,0806,,1744-0084,1744-0092,,
596,International Journal of Web Services Research,CORE2020,C,No,0806,,,1545-7362,1546-5004,,
493,International Journal of Wireless and Mobile Computing,CORE2020,C,No,0805,1702,,1741-1084,1741-1092,,
261,International Journal on Artificial Intelligence Tools,CORE2020,C,No,0801,1702,,0218-2130,1793-6349,,
682,International Journal on Digital Libraries,CORE2020,B,No,0807,,,1432-5012,1432-1300,,
426,International Journal on Semantic Web and Information Systems,CORE2020,B,No,0804,0806,1702,1552-6283,,,
373,International Journal on Software Tools for Technology Transfer,CORE2020,B,No,0803,,,0945-8115,1433-2787,,
597,International Review of Information Ethics,CORE2020,C,No,0806,2201,1702,1614-1687,,,
856,International Technology Management Review,CORE2020,B,No,0806,1503,,1835-5269,,,
104,International Transactions in Operational Research,CORE2020,C,No,0806,0102,1503,0969-6016,1475-3995,,
684,Internet Research,CORE2020,Not primarily CS,Yes,0807,0805,0806,1066-2243,,,
743,Issues in Informing Science and Information Technology,CORE2020,not primarily CS,Yes,0807,,,1547-5859,1547-5840,,
599,JITTA: an information systems journal,CORE2020,C,No,0806,,,1532-4516,1552-6496,,
262,Journal of Advanced Computational Intelligence and Intelligent Informatics,CORE2020,C,No,0801,0806,,1343-0130,1883-8014,,
327,Journal of Algorithms and Computational Technology,CORE2020,C,No,0802,,,1748-3018,1748-3026,,
19,Journal of Applied Mathematics and Computing,CORE2020,C,No,08,01,,1598-5865,1865-2085,1229-9502,
305,Journal of Applied Non Classical Logics,CORE2020,B,No,0802,1702,2202,1166-3081,1958-5780,0102-3411,
600,Journal of Applied Systems Studies: methodologies and applications for systems approaches,CORE2020,C,No,0806,1702,,1466-7738,,,
263,Journal of Artificial Evolution and Applications,CORE2020,C,No,0801,,,1687-6229,,,
145,Journal of Artificial Intelligence Research,CORE2020,A,No,0801,0102,,1076-9757,1943-5037,,
328,"Journal of Automata, Languages and Combinatorics",CORE2020,C,No,0802,1702,,1430-189X,0863-0593,,
146,Journal of Automated Reasoning,CORE2020,A,No,0801,1702,,0168-7433,1573-0670,,
440,Journal of Autonomic and Trusted Computing,CORE2020,C,No,0804,1702,,1556-6587,1556-6595,,
601,Journal of Cases on Information Technology,CORE2020,C,No,0806,,,1548-7717,1548-7725,1098-8580,
264,Journal of Cellular Automata,CORE2020,C,No,0801,0102,,1557-5969,1557-5977,,
74,Journal of Combinatorial Designs,CORE2020,not primarily CS,Yes,0802,0101,,1063-8539,1520-6610,,
88,Journal of Combinatorial Mathematics and Combinatorial Computing,CORE2020,C,No,0802,0101,,0835-3026,,,
89,Journal of Combinatorics,CORE2020,C,No,0802,0101,,1097-1440,1077-8926,,
295,Journal of Computer and System Sciences,CORE2020,A*,No,0802,,,0022-0000,1090-2724,,
602,Journal of Computer and Systems Sciences International,CORE2020,C,No,0806,,,1064-2307,1531-8478,,
785,Journal of Computer Assisted Learning,CORE2020,not primarily CS,Yes,0899,1303,1702,0266-4909,1365-2729,,
512,Journal of Computer Information Systems,CORE2020,B,Yes,0806,1503,,0887-4417,0022-0310,,
44,Journal of Computer Science and Technology,CORE2020,B,No,08,,,1000-9000,1860-4749,,
375,Journal of Computer Security,CORE2020,B,No,0803,,,0926-227X,1875-8924,,
58,Journal of Computers,CORE2020,C,No,08,,,1796-203X,,,
59,Journal of Computing and Information Technology,CORE2020,C,No,08,,,1330-1136,,,
441,Journal of Conceptual Modeling,CORE2020,C,No,0804,1702,,1533-3825,,,
417,Journal of Cryptology,CORE2020,A*,No,0804,0101,0103,0933-2790,1432-1378,,
427,Journal of Database Management,CORE2020,B,No,0804,0806,,1063-8016,1533-8010,,
603,Journal of Decision Systems,CORE2020,C,No,0806,1702,,1246-0125,1166-8636,,
746,Journal of Digital Information Management,CORE2020,C,No,0807,,,0972-7272,,,
90,Journal of Discrete Mathematical Sciences and Cryptography,CORE2020,C,No,0802,0101,,0972-0529,,,
645,Journal of Documentation,CORE2020,Not primarily CS,Yes,0807,,,0022-0418,1758-7379,,
816,Journal of Educational Computing Research,CORE2020,C,No,0899,1303,,0735-6331,1541-4140,,
604,Journal of Electronic Commerce Research,CORE2020,C,No,0806,,,1526-6133,,,
265,Journal of Electronic Imaging,CORE2020,C,No,0801,,,1017-9909,,,
75,Journal of Experimental Algorithmics,CORE2020,A,No,0802,0102,0101,1084-6654,,,
266,Journal of Experimental and Theoretical Artificial Intelligence,CORE2020,C,No,0801,1702,,0952-813X,1362-3079,,
832,Journal of Field Robotics,CORE2020,A,No,0801,0913,0906,1556-4959,1556-4967,0741-2223,
376,Journal of Functional and Logic Programming,CORE2020,B,No,0803,,,1080-5230,,,
106,Journal of Functional Programming,CORE2020,A,No,0803,0102,0103,0956-7968,1469-7653,,
546,Journal of Global Information Technology Management,CORE2020,B,No,0806,,,1097-198X,,,
76,Journal of Graph Theory,CORE2020,A,No,0802,0101,,0364-9024,1097-0118,,
467,Journal of Grid Computing,CORE2020,B,No,0805,,,1570-7873,1572-9184,,
84,Journal of Group Theory,CORE2020,B,No,0802,0101,,1433-5883,1435-4446,,
107,Journal of Heuristics,CORE2020,B,Yes,0802,0102,0103,1381-1231,1572-9397,,
605,Journal of Informatics Education and Research,CORE2020,C,No,0806,,,1526-4726,1075-8909,,
606,Journal of Information and Knowledge Management,CORE2020,C,No,0806,1702,,0219-6492,1793-6926,,
329,Journal of Information and Optimization Sciences,CORE2020,C,No,0802,0803,0102,0252-2667,,,
607,Journal of Information Information Technology and Organizations,CORE2020,C,No,0806,,,1557-1319,1557-1327,,
60,Journal of Information Processing,CORE2020,C,No,08,,,0387-5806,,,
647,Journal of Information Science,CORE2020,Not primarily CS,Yes,0807,,,0165-5515,1741-6485,,
61,Journal of Information Science and Engineering,CORE2020,C,No,08,09,,1016-2364,,,
608,Journal of Information Science and Technology,CORE2020,C,No,0806,,,1545-0287,,,
818,Journal of Information System Security,CORE2020,C,No,0899,,,1551-0123,1551-0808,,
609,Journal of Information Systems and Small Business,CORE2020,C,No,0806,,,1834-2949,1834-2957,,
610,Journal of Information Systems and Technology Management,CORE2020,C,No,0806,1503,,1807-1775,,,
523,Journal of Information Technology,CORE2020,A*,No,0806,1702,,0268-3962,1466-4437,,
611,Journal of Information Technology Case and Application Research,CORE2020,C,No,0806,,,1522-8053,,,
399,Journal of Information Technology in Agriculture,CORE2020,C,No,0803,0806,,1546-959X,,,
822,Journal of Information Warfare,CORE2020,C,No,0899,,,1445-3312,1445-3347,,
648,Journal of Informetrics,CORE2020,A,No,0807,,,1751-1577,1875-5879,,
267,Journal of Intelligent and Fuzzy Systems,CORE2020,C,No,0801,1702,,1064-1246,1875-8967,,
268,Journal of Intelligent and Robotic Systems: theory and applications,CORE2020,C,No,0801,1702,,0921-0296,1573-0409,,
269,Journal of Intelligent Information Systems,CORE2020,C,No,0801,0804,,0925-9902,1573-7675,,
202,Journal of Intelligent Systems,CORE2020,B,No,0801,1702,,0334-1860,,,
468,Journal of Interconnection Networks,CORE2020,B,No,0805,1702,,0219-2659,,,
613,Journal of International Technology and Information Management,CORE2020,C,No,0806,,,1543-5962,1941-6679,,
495,Journal of Internet Technology,CORE2020,C,No,0805,,,1607-9264,,,
689,Journal of Knowledge Management,CORE2020,not primarily CS,Yes,0807,0806,,1367-3270,1758-7484,,
840,Journal of Location Based Services,CORE2020,C,No,0805,0909,0806,1748-9725,1748-9733,,
289,Journal of Logic and Computation,CORE2020,B,Yes,0802,0101,0103,0955-792X,1465-363X,,
80,Journal of Logical and Algebraic Methods in Programming (pre 2014 wasThe Journal of Logic and Algebraic Programming),CORE2020,B,Yes,0802,0102,0101,2352-2208,,,
147,Journal of Machine Learning Research,CORE2020,A*,Yes,0801,1702,,1532-4435,,,
105,Journal of Mathematical Cryptology,CORE2020,C,No,0804,0102,,1862-2976,1862-2984,,
96,Journal of Mathematical Imaging and Vision,CORE2020,B,No,0801,0102,0802,0924-9907,1573-7683,,
615,Journal of Medical Systems,CORE2020,C,No,0806,,,0148-5598,1573-689X,,
496,Journal of Mobile Multimedia,CORE2020,C,No,0805,1005,,1550-4646,1550-4654,,
120,Journal of Molecular Graphics and Modelling,CORE2020,C,No,0803,0601,0307,1093-3263,1873-4243,0263-7855,
400,Journal of Multimedia,CORE2020,C,No,0803,,,1796-2048,,,
401,Journal of Multiple-Valued Logic and Soft Computing,CORE2020,C,No,0803,0801,0102,1542-3980,1542-3999,1023-6627,
787,Journal of Network and Computer Applications,CORE2020,A,No,0899,,,1084-8045,1095-8592,,
469,Journal of Network and Systems Management,CORE2020,B,No,0805,,,1064-7570,1573-7705,,
377,Journal of Object Technology,CORE2020,B,No,0803,,,1660-1769,,,
547,Journal of Organizational and End User Computing: the international journal of information user management,CORE2020,B,No,0806,1503,1702,1546-2234,1546-5012,1063-2239,
513,Journal of Organizational Computing and Electronic Commerce,CORE2020,B,Yes,0806,1503,,1091-9392,1532-7744,,
460,Journal of Parallel and Distributed Computing,CORE2020,A,Yes,0805,,,0743-7315,1096-0848,,
402,Journal of Programming Languages,CORE2020,C,No,0803,,,0963-9306,,,
270,Journal of Robotics and Mechatronics,CORE2020,C,No,0801,0913,,0915-3942,1883-8049,,
330,"Journal of Satisfiability, Boolean Modeling and Computation",CORE2020,C,No,0802,,,1574-0617,,,
97,Journal of Scientific Computing,CORE2020,B,No,0802,0103,0102,0885-7474,1573-7691,,
331,Journal of Simulation,CORE2020,C,No,0802,0102,,1747-7778,1747-7786,,
378,Journal of Software,CORE2020,B,No,0803,,,1796-217X,,,
403,Journal of Software Engineering,CORE2020,C,No,0803,,,1819-4311,,,
413,Journal of Software Engineering and Applications,CORE2020,Not ranked,No,0803,,,1945-3116,1945-3124,,
379,Journal of Software: Evolution and Process (was Journal of Software Maintenance and Evolution: research and practice),CORE2020,B,No,0803,0806,,1532-060X,1532-0618,1040-550X,
470,Journal of Supercomputing,CORE2020,B,No,0805,,,0920-8542,1573-0484,,
92,Journal of Symbolic Computation,CORE2020,not primarily CS,Yes,0802,0103,0102,0747-7171,1095-855X,,
616,Journal of Systems and Information Technology,CORE2020,C,No,0806,1702,,1328-7265,,,
351,Journal of Systems and Software,CORE2020,A,No,0803,0806,,0164-1212,1873-1228,,
380,Journal of Systems Architecture,CORE2020,B,No,0803,,,1383-7621,1873-6165,,
497,Journal of Telecommunications and Information Technology,CORE2020,C,No,0805,,,1509-4553,1640-1549,,
33,Journal of the ACM,CORE2020,A*,No,08,,,0004-5411,1557-735X,,
693,Journal of the American Medical Informatics Association,CORE2020,A,Yes,0807,0903,,1067-5027,1527-974X,,
662,Journal of the Association for Information Science and Technology (was Journal of the American Society for Information Science and Technology),CORE2020,A*,No,0807,,,2330-1635,2330-1643,0002-8231,
514,Journal of the Association of Information Systems,CORE2020,not primarily CS,Yes,0806,1503,,1536-9323,,,
62,Journal of the Brazilian Computer Society,CORE2020,C,No,08,,,0104-6500,0101-0883,,
117,Journal of the Japanese Society of Computational Statistics,CORE2020,C,No,0802,0104,,0915-2350,,,
6,Journal of the Operational Research Society,CORE2020,B,Yes,08,01,15,0160-5682,1476-9360,,
63,Journal of Theoretical and Applied Information Technology,CORE2020,C,No,08,,,1992-8645,1817-3195,,
404,Journal of Ubiquitous Computing and Intelligence,CORE2020,C,No,0803,0805,0801,1555-1326,1555-1334,,
21,Journal of Universal Computer Science,CORE2020,C,No,08,01,,0948-695X,,,
405,Journal of Virtual Reality and Broadcasting,CORE2020,C,No,0803,0801,0806,1860-2037,,,
306,Journal of Visualization,CORE2020,B,No,0802,,,1343-8875,1875-8975,,
442,Journal of Web Semantics,CORE2020,C,No,0804,,,1570-8268,1873-7749,,
548,Knowledge and Information Systems,CORE2020,B,No,0806,1503,,0219-1377,0219-3116,,
203,Knowledge Engineering Review,CORE2020,B,No,0801,1702,,0269-8889,1469-8005,,
549,Knowledge Management Research and Practice,CORE2020,B,No,0806,1702,,1477-8238,1477-8246,,
550,Knowledge-Based Systems,CORE2020,B,No,0806,1503,1702,0950-7051,1872-7409,,
428,Language Resources and Evaluation,CORE2020,B,No,0804,1702,,1574-020X,1574-0218,0010-4817,
700,Library Resources and Technical Services,CORE2020,B,No,0807,,,1091-9066,,,
936,Logical Methods in Computer Science,CORE2020,A,No,0802,0101,,1860-5974,,,
271,Machine Graphics and Vision: international journal,CORE2020,C,No,0801,0802,1702,1230-0535,,,
169,Machine Learning,CORE2020,A,Yes,0801,1702,,0885-6125,1573-0565,,
205,Machine Translation,CORE2020,B,No,0801,0804,1702,0922-6567,1573-0573,0884-0709,
206,Machine Vision and Applications: an international journal,CORE2020,B,No,0801,0802,1702,0932-8092,1432-1769,,
762,Malaysian Journal of Computer Science,CORE2020,C,No,0807,,,0127-9084,,,
332,Mathematical and Computer Modeling of Dynamical Systems,CORE2020,C,No,0802,1702,,1387-3954,1744-5051,,
98,Mathematical and Computer Modelling,CORE2020,B,No,0802,0103,0102,0895-7177,1872-9479,,
99,Mathematical Methods of Operations Research,CORE2020,B,No,0802,0103,0102,1432-2994,1432-5217,,
333,Mathematical Structures in Computer Science,CORE2020,C,No,0802,,,0960-1295,1469-8072,,
119,Mathematics and Computers in Simulation,CORE2020,B,No,0802,0103,0201,0378-4754,1872-7166,,
25,Mathematics in Computer Science,CORE2020,C,No,08,01,,1661-8270,1661-8289,,
93,Mathematics of Operations Research,CORE2020,A,Yes,0802,0103,0102,0364-765X,1526-5471,,
115,Methodology and Computing in Applied Probability,CORE2020,B,No,0802,0104,0103,1387-5841,1573-7713,,
148,"Minds and Machines: journal for artificial intelligence, philosophy and cognitive sciences",CORE2020,B,Yes,0801,2203,1702,0924-6495,1572-8641,,
526,MIS Quarterly,CORE2020,A*,No,0806,,,0276-7783,,,
515,MIS Quarterly Executive: a research journal dedicated to improving practice,CORE2020,Not primarily CS,Yes,0806,1503,,1540-1960,1540-1979,,
498,Mobile Information Systems,CORE2020,C,No,0805,0806,,1574-017X,1875-905X,,
112,Moscow University Computational Mathematics and Cybernetics,CORE2020,C,No,0802,0103,,0278-6419,1934-8428,0137-0782,
207,Multiagent and Grid Systems,CORE2020,B,No,0801,1702,,1574-1702,1875-9076,,
381,Multimedia Systems,CORE2020,B,No,0803,1702,,0942-4962,1432-1882,,
382,Multimedia Tools and Applications,CORE2020,B,No,0803,0806,0801,1380-7501,1573-7721,,
149,Natural Language Engineering,CORE2020,A,No,0801,2004,1702,1351-3249,1469-8110,,
852,Netnomics,CORE2020,C,No,0805,1499,0806,1385-9587,1573-7071,,
307,Networks,CORE2020,B,No,0802,0102,0103,0028-3045,1097-0037,,
150,Neural Computation,CORE2020,B,Yes,0801,1702,0606,0899-7667,1530-888X,,
208,Neural Computing and Applications,CORE2020,B,No,0801,1702,,0941-0643,1433-3058,,
272,Neural Network World,CORE2020,C,No,0801,,,1210-0552,,,
151,Neural Networks,CORE2020,A,No,0801,1702,0906,0893-6080,1879-2782,,
209,Neural Processing Letters,CORE2020,B,No,0801,1702,,1370-4621,1573-773X,,
210,Neurocomputing,CORE2020,B,No,0801,1702,0903,0925-2312,1872-8286,,
211,New Generation Computing: computing paradigms and computational intelligence,CORE2020,B,No,0801,0803,1702,0288-3635,1882-7055,,
273,New Mathematics and Natural Computation,CORE2020,C,No,0801,0104,1702,1793-0057,1793-7027,,
766,New Review of Hypermedia and Multimedia,CORE2020,C,No,0807,,,1361-4568,1740-7842,0955-8543,
296,Operations Research,CORE2020,A*,No,0802,1503,0102,0030-364X,1526-5463,,
111,Optimization Methods and Software,CORE2020,B,No,0802,0102,0103,1055-6788,1029-4937,,
617,OR Insight,CORE2020,C,No,0806,1503,,0953-5543,,,
858,ORiON,CORE2020,C,No,0806,1503,0102,0259-191X,,,
453,Parallel Computing,CORE2020,B,Yes,0805,1702,,0167-8191,1872-7336,,
471,Parallel Processing Letters,CORE2020,B,No,0805,,,0129-6264,1793-642X,,
274,Pattern Analysis and Applications,CORE2020,C,No,0801,0802,0102,1433-7541,1433-755X,,
788,Pattern Recognition,CORE2020,A*,No,0899,0906,,0031-3203,1873-5142,,
212,Pattern Recognition Letters,CORE2020,B,No,0801,1702,0906,0167-8655,1872-7344,,
859,Perception,CORE2020,B,Yes,0801,1702,1701,0301-0066,1468-4233,,
7,Performance Evaluation,CORE2020,B,Yes,08,01,10,0166-5316,1872-745X,,
551,Personal and Ubiquitous Computing,CORE2020,B,No,0806,1702,,1617-4909,1617-4917,0949-2054,
472,Pervasive and Mobile Computing,CORE2020,B,No,0805,1702,,1574-1192,1873-1589,,
213,Presence,CORE2020,B,No,0801,0899,,1054-7460,1531-3263,,
406,Programming and Computer Software,CORE2020,C,No,0803,,,0361-7688,1608-3261,,
46,Quantum Information Processing,CORE2020,B,No,08,01,02,1570-0755,1573-1332,,
334,RAIRO - Theoretical Informatics and Applications,CORE2020,C,No,0802,0103,,0988-3754,1290-385X,0399-0540,
618,RAIRO Operations Research,CORE2020,C,No,0806,0102,,0399-0559,1290-3868,,
78,Random Structures and Algorithms,CORE2020,A,No,0802,0104,0101,1042-9832,1098-2418,,
335,Real Time Imaging,CORE2020,C,No,0802,,,1077-2014,,,
454,Real Time Systems: the international journal of time critical computing systems,CORE2020,B,Yes,0805,,,0922-6443,1573-1383,,
383,Requirements Engineering,CORE2020,B,No,0803,,,0947-3602,1432-010X,,
833,Robotica,CORE2020,B,Yes,0801,0913,0906,0263-5747,1469-8668,,
834,Robotics and Autonomous Systems,CORE2020,B,Yes,0801,0913,0906,0921-8890,1872-793X,,
841,Robotics and Computer Integrated Manufacturing,CORE2020,A,No,0801,0910,,0736-5845,,,
516,Scandinavian Journal of Information Systems,CORE2020,Not primarily CS,Yes,0806,,,0905-0167,,,
353,Science of Computer Programming,CORE2020,A,No,0803,,,0167-6423,1872-7964,,
656,"Scientometrics: an international journal for all quantitative aspects of the science of science, communication in science and science policy",CORE2020,Not primarily CS,Yes,0807,,,0138-9130,1588-2861,,
339,Security and Communication Networks,CORE2020,Not ranked,No,0802,,,1939-0122,,,
499,Service Oriented Computing and Applications,CORE2020,C,No,0805,,,1863-2386,1863-2394,,
297,SIAM Journal on Computing,CORE2020,A*,No,0802,,,0097-5397,1095-7111,,
79,SIAM Journal on Discrete Mathematics,CORE2020,A,No,0802,0101,,0895-4801,1095-7146,,
290,SIAM Journal on Scientific Computing,CORE2020,A,No,0802,0103,0102,1064-8275,1095-7197,0196-5204,
828,SIGCSE Bulletin Inroads,CORE2020,C,No,0899,,,1096-3936,,,
336,Simulation Modelling Practice and Theory,CORE2020,C,No,0802,0102,,1569-190X,0928-4869,,
795,Simulation: transactions of the Society for Modeling and Simulation International,CORE2020,B,No,0899,1702,,0037-5497,1741-3133,0036-1925,
712,Social Science Computer Review,CORE2020,not primarily CS,Yes,0807,0899,,0894-4393,1552-8286,,
275,Soft Computing,CORE2020,C,No,0801,1702,0102,1432-7643,1433-7479,,
384,Software and Systems Modeling,CORE2020,B,No,0803,1702,,1619-1366,1619-1374,,
408,Software Process Improvement and Practice,CORE2020,C,No,0803,,,1077-4866,1099-1670,,
409,Software Quality Journal,CORE2020,C,No,0803,,,0963-9314,1573-1367,,
385,"Software Testing, Verification and Reliability",CORE2020,B,No,0803,,,0960-0833,1099-1689,,
354,Software: Practice and Experience,CORE2020,B,Yes,0803,,,0038-0644,1097-024X,,
65,South African Computer Journal,CORE2020,C,No,08,,,1015-7999,,,
153,Speech Communication,CORE2020,B,Yes,0801,2004,1702,0167-6393,1872-7182,,
114,Statistics and Computing,CORE2020,A,No,0802,0104,,0960-3174,1573-1375,,
620,Systemic Practice and Action Research,CORE2020,C,No,0806,1608,,1094-429X,1573-9295,0894-9859,
621,Systems Engineering,CORE2020,C,No,0806,,,1098-1241,1520-6858,,
386,Text Technology: the journal of computer text processing,CORE2020,B,No,0803,2004,,1053-900X,,,
826,The ACM Transactions on Computing Education (was Journal on Educational  Resources in Computing),CORE2020,C,No,0899,,,1531-4278,,,
633,The African Journal of Information Systems,CORE2020,Not ranked,No,0806,1503,,1936-0282,,,
34,The Computer Journal,CORE2020,B,Yes,08,,,0010-4620,1460-2067,,
623,The Electronic Journal of Information Systems in Developing Countries,CORE2020,C,No,0806,,,1681-4835,,,
657,The Information Society,CORE2020,Not primarily CS,Yes,0807,,,0197-2243,1087-6537,,
66,The International Arab Journal of Information Technology,CORE2020,C,No,08,,,1683-3198,,,
276,The International Journal of Virtual Reality,CORE2020,C,No,0801,,,1081-1451,,,
553,The Journal of Information Systems,CORE2020,B,No,0806,,,0888-7985,1558-7959,,
500,The Journal of the Institute of Telecommunications Professionals,CORE2020,C,No,0805,,,1755-9278,1477-4739,1470-5826,
214,The Visual Computer,CORE2020,B,No,0801,1702,,0178-2789,1432-2315,,
418,The VLDB Journal,CORE2020,A*,No,0804,0805,,1066-8888,0949-877X,,
291,Theoretical Computer Science,CORE2020,A,No,0802,0803,1702,0304-3975,,,
355,Theory and Practice of Logic Programming,CORE2020,A,No,0803,,,1471-0684,1475-3081,,
292,Theory of Computing,CORE2020,A,No,0802,1702,,1557-2862,,,
337,Theory of Computing Systems,CORE2020,C,No,0802,0805,0102,1432-4350,1433-0490,,
429,Transactions in GIS,CORE2020,B,No,0804,0909,,1361-1682,1467-9671,,
843,Transactions on Emerging Telecommunications Technologies (was European Transactions on Telecommunications),CORE2020,B,No,0805,1005,0906,1124-318X,,,
624,Universal Access in the Information Society: international journal,CORE2020,C,No,0806,,,1615-5289,1615-5297,,
154,User Modeling and User Adapted Interaction,CORE2020,A,No,0801,0806,,0924-1868,1573-1391,,
215,Virtual Reality,CORE2020,B,No,0801,1702,0909,1359-4338,1434-9957,,
830,Web Intelligence and Agent Systems: an international journal,CORE2020,C,No,0899,0801,1702,1570-1263,1875-9289,,
501,Webology,CORE2020,C,No,0805,0807,,1735-188X,,,
455,Wireless Communications and Mobile Computing,CORE2020,B,Yes,0805,,,1530-8669,1530-8677,,
473,"Wireless Networks: the journal of mobile communication, computation and information",CORE2020,B,No,0805,,,1022-0038,1572-8196,,
848,Wireless Personal Communications: an international journal,CORE2020,C,No,0805,1005,,0929-6212,1572-834X,,
625,Wirtschaftsinformatik,CORE2020,C,No,0806,,,0937-6429,1861-8936,,
456,World Wide Web,CORE2020,A,No,0805,,,1386-145X,1573-1413,,
